Participant ID,Video file,Gloss,ASL-LEX Code
P42,9684934734400592-WHAT FOR.mp4,WHATFOR1,C_02_054
P42,9292882782041088-FINISH.mp4,FINISH,B_03_025
P42,7910128481289247-EAT.mp4,EAT1,B_02_002
P42,6724466474942836-SORRY.mp4,SORRY,C_01_020
P42,2748457214117681-WHAT FOR.mp4,WHATFOR1,C_02_054
P42,3763434553768781-BAD.mp4,BAD,B_02_082
P42,23773456898680978-HELP.mp4,HELP,D_01_042
P42,4641646458517976-EAT.mp4,EAT1,B_02_002
P42,6539916160540173-DONT WANT.mp4,DONTWANT,E_02_014
P42,9764184398445344-NICE.mp4,NICE,G_03_059
P42,9701695309294336-THANK YOU.mp4,THANKYOU,H_02_053
P42,46074251080029494-NO.mp4,NO,C_03_041
P6,6734748834983595-WHAT FOR.mp4,WHATFOR1,C_02_054
P35,5702632225441844-WHAT FOR.mp4,WHATFOR1,C_02_054
P35,029563612799205163-YES.mp4,YES,G_03_074
P35,7861742512788061-DRINK 2.mp4,DRINK2,K_03_092
P6,7157386044540075-DRINK 2.mp4,DRINK2,K_03_092
P6,41953269936944704-WHAT FOR.mp4,WHATFOR1,C_02_054
P35,8630644173768907-WHAT FOR.mp4,WHATFOR1,C_02_054
P35,5484423786947841-FINISH.mp4,FINISH,B_03_025
P35,7291224290785421-EAT.mp4,EAT1,B_02_002
P35,1812960858393966-SORRY.mp4,SORRY,C_01_020
P35,1636907769941489-GOOD.mp4,GOOD,B_01_052
P35,8835822739071177-PLEASE.mp4,PLEASE,B_02_007
P35,7536887152060914-DRINK.mp4,DRINK1,B_02_012
P35,9421448198356972-MORE.mp4,MORE,B_03_032
P35,9618610602589022-UNDERSTAND.mp4,UNDERSTAND,C_01_006
P35,9203138462369036-HELLO.mp4,HELLO,D_02_055
P6,5415420016012211-FINISH.mp4,FINISH,B_03_025
P6,7640667133656183-EAT.mp4,EAT1,B_02_002
P6,5199425437483545-SORRY.mp4,SORRY,C_01_020
P6,7699430066397663-GOOD.mp4,GOOD,B_01_052
P42,6983847344301657-GOOD.mp4,GOOD,B_01_052
P42,9697873113607589-PLEASE.mp4,PLEASE,B_02_007
P42,9000152796377254-DRINK.mp4,DRINK1,B_02_012
P42,028264130143242472-HOW.mp4,HOW1,D_02_082
P6,3976156540390696-HOW.mp4,HOW1,D_02_082
P42,6451705780589494-WHAT 2.mp4,WHAT1,D_02_094
P42,8918099698038209-WHAT 1.mp4,WHAT2,D_02_084
P6,9411549614200669-BAD.mp4,BAD,B_02_082
P6,9702910950898831-HELP.mp4,HELP,D_01_042
P6,41461171624603455-EAT.mp4,EAT1,B_02_002
P6,308381289344986-DONT WANT.mp4,DONTWANT,E_02_014
P42,5658430416463056-HOW 2.mp4,HOW2,F_02_086
P6,10824703695908644-DONT CARE.mp4,DONTCARE,G_03_082
P35,2975312201945688-DONT CARE.mp4,DONTCARE,G_03_082
P6,6785155090626982-MORE.mp4,MORE,B_03_032
P35,06612660137871473-WHAT FOR.mp4,WHATFOR1,C_02_054
P35,9781465154800835-BAD.mp4,BAD,B_02_082
P6,6191415507296982-UNDERSTAND.mp4,UNDERSTAND,C_01_006
P6,9042145214602195-HELLO.mp4,HELLO,D_02_055
P35,2688805696203531-NICE.mp4,NICE,G_03_059
P35,6936836055005255-THANK YOU.mp4,THANKYOU,H_02_053
P6,21468254804850995-NICE.mp4,NICE,G_03_059
P35,8920807082520505-NO.mp4,NO,C_03_041
P6,25130175957831113-THANK YOU.mp4,THANKYOU,H_02_053
P6,3247833356457248-NO.mp4,NO,C_03_041
P35,5356144703822832-HOW 2.mp4,HOW2,F_02_086
P35,5726113697968809-HELP.mp4,HELP,D_01_042
P35,13884914336494525-EAT.mp4,EAT1,B_02_002
P42,0018695357180107397-DRINK 2.mp4,DRINK2,K_03_092
P42,35438732511009685-MORE.mp4,MORE,B_03_032
P42,40550375821025386-UNDERSTAND.mp4,UNDERSTAND,C_01_006
P42,9441415075906014-HELLO.mp4,HELLO,D_02_055
P42,5370182591161741-WHAT FOR.mp4,WHATFOR1,C_02_054
P6,3584447878251358-PLEASE.mp4,PLEASE,B_02_007
P6,9563854183405713-DRINK.mp4,DRINK1,B_02_012
P6,34193514830123983-HOW 2.mp4,HOW2,F_02_086
P6,9031186843157322-WHAT 2.mp4,WHAT1,D_02_094
P6,5039089573715827-WHAT 1.mp4,WHAT2,D_02_084
P42,8164060722453563-DONT CARE.mp4,DONTCARE,G_03_082
P6,09905526235759088-YES.mp4,YES,G_03_074
P6,23583741832617644-FINISH.mp4,FINISH,B_03_025
P6,5672396093022622-EAT.mp4,EAT1,B_02_002
P6,5157432639091493-SORRY.mp4,SORRY,C_01_020
P6,8193368982950104-HOW 2.mp4,HOW2,F_02_086
P42,3448123355846451-WHAT FOR.mp4,WHATFOR1,C_02_054
P42,21076084261461991-BAD.mp4,BAD,B_02_082
P42,7816987530892228-HELP.mp4,HELP,D_01_042
P42,5882347360908131-EAT.mp4,EAT1,B_02_002
P42,5540373053988341-DONT WANT.mp4,DONTWANT,E_02_014
P35,25388875174562653-HOW.mp4,HOW1,D_02_082
P35,30590478365410667-WHAT 2.mp4,WHAT1,D_02_094
P35,45183491658287966-WHAT 1.mp4,WHAT2,D_02_084
P35,9911307109894087-DONT WANT.mp4,DONTWANT,E_02_014
P35,18385527788301004-FINISH.mp4,FINISH,B_03_025
P35,4524158338314277-EAT.mp4,EAT1,B_02_002
P35,8284103400294454-SORRY.mp4,SORRY,C_01_020
P35,008087702450223277-GOOD.mp4,GOOD,B_01_052
P35,49277089703101806-PLEASE.mp4,PLEASE,B_02_007
P35,21698877434119446-DRINK.mp4,DRINK1,B_02_012
P15,9562429362492979-WHAT FOR 3.mp4,WHATFOR3,C_02_054
P15,8710845114140142-DONT CARE.mp4,DONTCARE,G_03_082
P15,9605571410103191-YES.mp4,YES,G_03_074
P15,5287232905909216-DRINK 2.mp4,DRINK2,K_03_092
P15,3347819641252294-HELP.mp4,HELP,D_01_042
P15,8917441625336839-EAT.mp4,EAT1,B_02_002
P15,0683493141101914-WHAT FOR 2.mp4,WHATFOR2,C_02_054
P15,670019265660998-HOW.mp4,HOW1,D_02_082
P15,7461257731188731-HOW 2.mp4,HOW2,F_02_086
P15,8745067191819265-WHAT 2.mp4,WHAT1,D_02_094
P15,15957405560017013-WHAT 1.mp4,WHAT2,D_02_084
P15,032824561194411794-WHAT FOR.mp4,WHATFOR1,C_02_054
P15,300065378201829-BAD.mp4,BAD,B_02_082
P15,41948116268974767-DONT WANT.mp4,DONTWANT,E_02_014
P15,8153989715083034-FINISH.mp4,FINISH,B_03_025
P15,931858330051655-EAT 2.mp4,EAT2,B_03_082
P15,258135021561094-SORRY.mp4,SORRY,C_01_020
P15,22413626372355933-GOOD.mp4,GOOD,B_01_052
P15,8449958018804076-PLEASE.mp4,PLEASE,B_02_007
P15,09371248383875841-DRINK.mp4,DRINK1,B_02_012
P15,23625275644196408-MORE.mp4,MORE,B_03_032
P15,9663239092789866-UNDERSTAND.mp4,UNDERSTAND,C_01_006
P15,7648996670040624-HELLO.mp4,HELLO,D_02_055
P15,3403190474327509-NICE.mp4,NICE,G_03_059
P15,09460259361998125-THANK YOU.mp4,THANKYOU,H_02_053
P15,7525332129995586-NO.mp4,NO,C_03_041
P18,23003598224780286-DONT CARE.mp4,DONTCARE,G_03_082
P18,541403296602635-YES.mp4,YES,G_03_074
P18,35888089534387335-DRINK 2.mp4,DRINK2,K_03_092
P18,17686505303084354-WHAT FOR.mp4,WHATFOR1,C_02_054
P18,34169036359301463-BAD.mp4,BAD,B_02_082
P18,531487732428322-HELP.mp4,HELP,D_01_042
P18,40193405478785693-EAT.mp4,EAT1,B_02_002
P18,5538509898511801-DONT WANT.mp4,DONTWANT,E_02_014
P18,212308162553271-WHAT FOR 2.mp4,WHATFOR2,C_02_054
P15,540014801916062-WHAT FOR.mp4,WHATFOR1,C_02_054
P15,24751730661041682-BAD.mp4,BAD,B_02_082
P18,8858395254297784-FINISH.mp4,FINISH,B_03_025
P18,3651789913333805-EAT 2.mp4,EAT2,B_03_082
P18,14951164356135682-SORRY.mp4,SORRY,C_01_020
P18,5817237493367622-GOOD.mp4,GOOD,B_01_052
P18,11854818371036102-PLEASE.mp4,PLEASE,B_02_007
P18,6657698379837473-DRINK.mp4,DRINK1,B_02_012
P18,9340539684203915-MORE.mp4,MORE,B_03_032
P18,6762437534373142-UNDERSTAND.mp4,UNDERSTAND,C_01_006
P18,7076961883712545-HELLO.mp4,HELLO,D_02_055
P47,6449139793505076-GOOD.mp4,GOOD,B_01_052
P47,6936039479099299-PLEASE.mp4,PLEASE,B_02_007
P47,9812515328553977-DRINK.mp4,DRINK1,B_02_012
P47,27635278362144855-NICE.mp4,NICE,G_03_059
P47,08583141071601874-THANK YOU.mp4,THANKYOU,H_02_053
P15,9170402935558137-NICE.mp4,NICE,G_03_059
P15,936211950052861-THANK YOU.mp4,THANKYOU,H_02_053
P47,5278795760893484-NO.mp4,NO,C_03_041
P18,9962081495357855-THANK YOU.mp4,THANKYOU,H_02_053
P18,08228267952066615-NO.mp4,NO,C_03_041
P47,20111644670845208-WHAT FOR 3.mp4,WHATFOR3,C_02_054
P47,25844912689873545-HOW 2.mp4,HOW2,F_02_086
P18,08507648734230933-WHAT FOR 3.mp4,WHATFOR3,C_02_054
P18,8880006166221515-WHAT 2.mp4,WHAT1,D_02_094
P18,5746393757052535-WHAT 1.mp4,WHAT2,D_02_084
P47,1686440106039766-DONT CARE.mp4,DONTCARE,G_03_082
P47,41279108584600577-YES.mp4,YES,G_03_074
P47,6756383681583675-DRINK 2.mp4,DRINK2,K_03_092
P47,9165653074606479-HELP.mp4,HELP,D_01_042
P47,25398273569443774-EAT.mp4,EAT1,B_02_002
P47,8567456917650147-DONT WANT.mp4,DONTWANT,E_02_014
P47,5473880398877555-WHAT FOR 2.mp4,WHATFOR2,C_02_054
P47,7878447075522677-FINISH.mp4,FINISH,B_03_025
P47,8673550975339348-EAT 2.mp4,EAT2,B_03_082
P47,010465663034460171-MORE.mp4,MORE,B_03_032
P47,941475953685674-UNDERSTAND.mp4,UNDERSTAND,C_01_006
P18,9123431516469718-HOW 2.mp4,HOW2,F_02_086
P47,8364377695946923-HELLO.mp4,HELLO,D_02_055
P18,0932147242090886-NICE.mp4,NICE,G_03_059
P18,9935032342175718-HOW.mp4,HOW1,D_02_082
P18,6508787541133374-UNDERSTAND.mp4,UNDERSTAND,C_01_006
P18,16501735528077632-HELLO.mp4,HELLO,D_02_055
P47,48553283978859585-WHAT 2.mp4,WHAT1,D_02_094
P47,920513750448132-WHAT 1.mp4,WHAT2,D_02_084
P47,034046510887022485-WHAT FOR.mp4,WHATFOR1,C_02_054
P47,1583686602856138-BAD.mp4,BAD,B_02_082
P47,06437354909692172-HOW.mp4,HOW1,D_02_082
P47,3018334807491294-UNDERSTAND.mp4,UNDERSTAND,C_01_006
P47,7027473793210652-HELLO.mp4,HELLO,D_02_055
P47,48964582814562885-DONT CARE.mp4,DONTCARE,G_03_082
P48,6467215614017887-DONT CARE.mp4,DONTCARE,G_03_082
P48,7442618628569746-YES.mp4,YES,G_03_074
P48,30737382105404953-DRINK 2.mp4,DRINK2,K_03_092
P49,3000270038189985-HELP.mp4,HELP,D_01_042
P49,550827298682977-EAT.mp4,EAT1,B_02_002
P49,989495968614083-DONT WANT.mp4,DONTWANT,E_02_014
P48,9469814847097937-WHAT FOR 2.mp4,WHATFOR2,C_02_054
P48,10600502582751181-FINISH.mp4,FINISH,B_03_025
P48,753473700404141-EAT 2.mp4,EAT2,B_03_082
P48,9645970507449169-SORRY.mp4,SORRY,C_01_020
P48,971622461215417-GOOD.mp4,GOOD,B_01_052
P48,7315727436787696-PLEASE.mp4,PLEASE,B_02_007
P48,6863272868161578-DRINK.mp4,DRINK1,B_02_012
P48,813443212118808-MORE.mp4,MORE,B_03_032
P48,9542027365188674-NO.mp4,NO,C_03_041
P17,9004431867747704-PLEASE.mp4,PLEASE,B_02_007
P17,1184248496668674-DRINK.mp4,DRINK1,B_02_012
P17,597060949237564-MORE.mp4,MORE,B_03_032
P49,5042323343464843-PLEASE.mp4,PLEASE,B_02_007
P49,4266956774131161-DRINK.mp4,DRINK1,B_02_012
P17,9118512138681305-WHAT FOR 3.mp4,WHATFOR3,C_02_054
P49,7235081979386058-MORE.mp4,MORE,B_03_032
P49,9380222416073931-HOW 2.mp4,HOW2,F_02_086
P49,9155674205578053-WHAT 2.mp4,WHAT1,D_02_094
P49,156881627862701-WHAT 1.mp4,WHAT2,D_02_084
P49,5327840336837257-YES.mp4,YES,G_03_074
P49,5500549780163715-DRINK 2.mp4,DRINK2,K_03_092
P49,8871292164581093-WHAT FOR.mp4,WHATFOR1,C_02_054
P49,9739528719901436-BAD.mp4,BAD,B_02_082
P48,9203747770494983-HELP.mp4,HELP,D_01_042
P48,6239284754747361-EAT.mp4,EAT1,B_02_002
P48,8524416998282469-DONT WANT.mp4,DONTWANT,E_02_014
P49,1295083133615238-WHAT FOR 2.mp4,WHATFOR2,C_02_054
P48,8088387924719447-NICE.mp4,NICE,G_03_059
P48,7057474129672285-THANK YOU.mp4,THANKYOU,H_02_053
P49,6959796115122672-FINISH.mp4,FINISH,B_03_025
P49,9170908200517884-EAT 2.mp4,EAT2,B_03_082
P49,7965960158855614-SORRY.mp4,SORRY,C_01_020
P49,9687874710872124-GOOD.mp4,GOOD,B_01_052
P49,2732741727030885-NO.mp4,NO,C_03_041
P49,015697423570942615-WHAT FOR 3.mp4,WHATFOR3,C_02_054
P49,09166083786441126-DONT CARE.mp4,DONTCARE,G_03_082
P49,40156343723600907-UNDERSTAND.mp4,UNDERSTAND,C_01_006
P49,3283413810240037-HELLO.mp4,HELLO,D_02_055
P49,6806854589294902-NICE.mp4,NICE,G_03_059
P49,35156313213734314-THANK YOU.mp4,THANKYOU,H_02_053
P49,5979307187574394-HOW.mp4,HOW1,D_02_082
P49,8037153286426952-HOW 2.mp4,HOW2,F_02_086
P49,0902884729181257-WHAT 2.mp4,WHAT1,D_02_094
P48,805120769524823-WHAT 1.mp4,WHAT2,D_02_084
P48,11542521046357379-WHAT FOR.mp4,WHATFOR1,C_02_054
P48,09145990846220031-BAD.mp4,BAD,B_02_082
P48,9064539935553875-WHAT FOR 3.mp4,WHATFOR3,C_02_054
P48,7290597714370646-HOW 2.mp4,HOW2,F_02_086
P48,7084601978683813-WHAT 2.mp4,WHAT1,D_02_094
P48,2374155228317818-UNDERSTAND.mp4,UNDERSTAND,C_01_006
P48,5339916560192981-HELLO.mp4,HELLO,D_02_055
P48,8032623168123776-HOW.mp4,HOW1,D_02_082
P48,7353034835882497-HELP.mp4,HELP,D_01_042
P48,8483346978381539-WHAT FOR 2.mp4,WHATFOR2,C_02_054
P22,4880162825887451-WHAT 1.mp4,WHAT2,D_02_084
P22,9359050586202402-WHAT FOR.mp4,WHATFOR1,C_02_054
P22,8834295053246077-BAD.mp4,BAD,B_02_082
P22,5006904207492289-DONT CARE.mp4,DONTCARE,G_03_082
P22,3982436455452034-HELP.mp4,HELP,D_01_042
P22,5035301373430681-EAT.mp4,EAT1,B_02_002
P22,9722587634346744-DONT WANT.mp4,DONTWANT,E_02_014
P22,6813680247909-GOOD.mp4,GOOD,B_01_052
P22,6030819884347467-MORE.mp4,MORE,B_03_032
P17,2980803225080717-DRINK 2.mp4,DRINK2,K_03_092
P22,3682959624388764-WHAT FOR 2.mp4,WHATFOR2,C_02_054
P17,032534532433647456-HELP.mp4,HELP,D_01_042
P17,7769434916738955-EAT.mp4,EAT1,B_02_002
P17,5198962003145118-DONT WANT.mp4,DONTWANT,E_02_014
P9,4625328406325162-FINISH.mp4,FINISH,B_03_025
P9,6221005899165424-EAT 2.mp4,EAT2,B_03_082
P9,7585555932220547-SORRY.mp4,SORRY,C_01_020
P9,04311614622944249-GOOD.mp4,GOOD,B_01_052
P9,583219774394824-PLEASE.mp4,PLEASE,B_02_007
P9,06473784191201326-DRINK.mp4,DRINK1,B_02_012
P9,15807643698153884-MORE.mp4,MORE,B_03_032
P9,5169212541197368-UNDERSTAND.mp4,UNDERSTAND,C_01_006
P9,7472491282176557-HELLO.mp4,HELLO,D_02_055
P9,9280199027277918-NICE.mp4,NICE,G_03_059
P22,16270426237316316-THANK YOU.mp4,THANKYOU,H_02_053
P9,6788237257016723-THANK YOU.mp4,THANKYOU,H_02_053
P9,1961020204681707-WHAT FOR 3.mp4,WHATFOR3,C_02_054
P9,16203881271680576-WHAT 2.mp4,WHAT1,D_02_094
P22,05574938180658928-YES.mp4,YES,G_03_074
P22,8595649055844512-DRINK 2.mp4,DRINK2,K_03_092
P17,22798502572928414-WHAT 1.mp4,WHAT2,D_02_084
P22,7646708092060626-FINISH.mp4,FINISH,B_03_025
P22,7510361706596533-EAT 2.mp4,EAT2,B_03_082
P22,010369524824967558-SORRY.mp4,SORRY,C_01_020
P17,33051835760678294-WHAT FOR.mp4,WHATFOR1,C_02_054
P22,7328260605453549-PLEASE.mp4,PLEASE,B_02_007
P22,2505702369833467-DRINK.mp4,DRINK1,B_02_012
P22,27832701315476815-UNDERSTAND.mp4,UNDERSTAND,C_01_006
P22,5911924789322505-HELLO.mp4,HELLO,D_02_055
P17,4720037702546913-BAD.mp4,BAD,B_02_082
P17,9273072107926117-WHAT FOR 2.mp4,WHATFOR2,C_02_054
P9,5043430847938863-HELP.mp4,HELP,D_01_042
P9,008533489727754251-EAT.mp4,EAT1,B_02_002
P9,4179266974772078-DONT WANT.mp4,DONTWANT,E_02_014
P22,6859083410479805-NICE.mp4,NICE,G_03_059
P22,6645554412949413-NO.mp4,NO,C_03_041
P9,5328649685588343-NO.mp4,NO,C_03_041
P9,6119825081396184-HOW.mp4,HOW1,D_02_082
P9,9128074318856931-HOW 2.mp4,HOW2,F_02_086
P9,7622444974054841-DONT CARE.mp4,DONTCARE,G_03_082
P9,5754797022070959-WHAT 1.mp4,WHAT2,D_02_084
P9,7199652013477922-YES.mp4,YES,G_03_074
P9,715190503593329-DRINK 2.mp4,DRINK2,K_03_092
P9,6491618764233542-WHAT FOR.mp4,WHATFOR1,C_02_054
P9,9701304221413551-BAD.mp4,BAD,B_02_082
P9,023609592550879466-WHAT FOR 2.mp4,WHATFOR2,C_02_054
P9,1528731852595422-FINISH.mp4,FINISH,B_03_025
P9,9520172548388828-EAT 2.mp4,EAT2,B_03_082
P9,8166852609962443-PLEASE.mp4,PLEASE,B_02_007
P9,40358209943047574-DRINK.mp4,DRINK1,B_02_012
P9,8473421461490096-MORE.mp4,MORE,B_03_032
P9,1376861841044581-UNDERSTAND.mp4,UNDERSTAND,C_01_006
P9,5018242902938022-HELLO.mp4,HELLO,D_02_055
P22,6748698769153474-HOW 2.mp4,HOW2,F_02_086
P22,12045635816655964-HOW.mp4,HOW1,D_02_082
P22,5663372797424062-WHAT FOR 3.mp4,WHATFOR3,C_02_054
P17,3906677928425868-NICE.mp4,NICE,G_03_059
P17,7931075492698656-NO.mp4,NO,C_03_041
P17,8594289353554898-SORRY.mp4,SORRY,C_01_020
P17,9338005039430839-GOOD.mp4,GOOD,B_01_052
P17,25866202861571086-HOW 2.mp4,HOW2,F_02_086
P17,46005351531190786-WHAT 2.mp4,WHAT1,D_02_094
P17,9782863224987515-YES.mp4,YES,G_03_074
P17,18286437913060416-FINISH.mp4,FINISH,B_03_025
P17,15451191030465905-EAT 2.mp4,EAT2,B_03_082
P17,6605969835390502-UNDERSTAND.mp4,UNDERSTAND,C_01_006
P17,1789715889624135-HELLO.mp4,HELLO,D_02_055
P17,4624064779710624-THANK YOU.mp4,THANKYOU,H_02_053
P17,8436415241829844-HOW.mp4,HOW1,D_02_082
P17,04834426418303739-DONT CARE.mp4,DONTCARE,G_03_082
P22,404671863993352-WHAT 2.mp4,WHAT1,D_02_094
P22,1674169211464116-HOW 2.mp4,HOW2,F_02_086
P22,6718223980213671-WHAT 2.mp4,WHAT1,D_02_094
P22,7577155904518054-WHAT 1.mp4,WHAT2,D_02_084
P1,14154575310664197-NICE.mp4,NICE,G_03_059
P1,6508465822424006-THANK YOU.mp4,THANKYOU,H_02_053
P40,18199086230023087-NICE.mp4,NICE,G_03_059
P40,7535449770372906-THANK YOU.mp4,THANKYOU,H_02_053
P40,5082858473744953-NO.mp4,NO,C_03_041
P43,3597949009905055-NICE.mp4,NICE,G_03_059
P43,014439537236845323-THANK YOU.mp4,THANKYOU,H_02_053
P40,6445331634562388-WHAT FOR.mp4,WHATFOR1,C_02_054
P43,5372668319999747-NO.mp4,NO,C_03_041
P40,7666802297995068-HOW.mp4,HOW1,D_02_082
P40,6618742352834965-HOW 2.mp4,HOW2,F_02_086
P40,9162471614827756-DONT CARE.mp4,DONTCARE,G_03_082
P40,011439809438488657-WHAT 2.mp4,WHAT1,D_02_094
P40,576125539435921-WHAT 1.mp4,WHAT2,D_02_084
P40,1555998439795525-YES.mp4,YES,G_03_074
P40,17063504743468516-DRINK 2.mp4,DRINK2,K_03_092
P43,0154551425577234-WHAT FOR.mp4,WHATFOR1,C_02_054
P40,5268072837528903-WHAT FOR.mp4,WHATFOR1,C_02_054
P40,8500068040222597-BAD.mp4,BAD,B_02_082
P40,12979829347320937-HELP.mp4,HELP,D_01_042
P40,5237431195885818-EAT.mp4,EAT1,B_02_002
P40,1563473861487994-DONT WANT.mp4,DONTWANT,E_02_014
P40,1994115335737141-FINISH.mp4,FINISH,B_03_025
P40,33555147348315106-EAT.mp4,EAT1,B_02_002
P40,7256673521593155-SORRY.mp4,SORRY,C_01_020
P40,5199177562877719-GOOD.mp4,GOOD,B_01_052
P40,4782730717831809-PLEASE.mp4,PLEASE,B_02_007
P40,9841052916244253-DRINK.mp4,DRINK1,B_02_012
P40,8385294089384643-MORE.mp4,MORE,B_03_032
P40,4687993210650012-UNDERSTAND.mp4,UNDERSTAND,C_01_006
P40,0022932153577568393-HELLO.mp4,HELLO,D_02_055
P40,6363286086951516-WHAT FOR.mp4,WHATFOR1,C_02_054
P14,9117355925466168-HOW.mp4,HOW1,D_02_082
P14,4605549971284748-HOW 2.mp4,HOW2,F_02_086
P40,9811460119529283-HOW.mp4,HOW1,D_02_082
P40,34202486889563555-HOW 2.mp4,HOW2,F_02_086
P40,09267903800180943-DONT CARE.mp4,DONTCARE,G_03_082
P40,027816838285841916-WHAT 2.mp4,WHAT1,D_02_094
P40,3893021840905462-WHAT 1.mp4,WHAT2,D_02_084
P37,05635967760820981-DONT CARE.mp4,DONTCARE,G_03_082
P37,8405493387581946-WHAT 2.mp4,WHAT1,D_02_094
P37,6481029082097123-WHAT 1.mp4,WHAT2,D_02_084
P37,44146024789241256-YES.mp4,YES,G_03_074
P37,2789046705437668-DRINK 2.mp4,DRINK2,K_03_092
P37,8639087490010726-WHAT FOR.mp4,WHATFOR1,C_02_054
P37,16659435197682293-BAD.mp4,BAD,B_02_082
P37,9437772948180145-HELP.mp4,HELP,D_01_042
P37,3878260902223658-EAT.mp4,EAT1,B_02_002
P37,6318621846010368-DONT WANT.mp4,DONTWANT,E_02_014
P37,5726531690314898-FINISH.mp4,FINISH,B_03_025
P37,4589443576656864-EAT.mp4,EAT1,B_02_002
P37,8989337086309281-SORRY.mp4,SORRY,C_01_020
P37,7085041042230886-GOOD.mp4,GOOD,B_01_052
P37,04515307711600891-PLEASE.mp4,PLEASE,B_02_007
P37,8114625026876388-DRINK.mp4,DRINK1,B_02_012
P37,7168321371853796-MORE.mp4,MORE,B_03_032
P37,2999107393441156-UNDERSTAND.mp4,UNDERSTAND,C_01_006
P37,8486809407942575-HELLO.mp4,HELLO,D_02_055
P37,8565239257906878-NICE.mp4,NICE,G_03_059
P37,15769775934939156-THANK YOU.mp4,THANKYOU,H_02_053
P37,09714329486323847-NO.mp4,NO,C_03_041
P34,16728596536749274-YES.mp4,YES,G_03_074
P7,01789094394246238-WHAT FOR.mp4,WHATFOR1,C_02_054
P7,6209651921836459-FINISH.mp4,FINISH,B_03_025
P7,3407129339550383-EAT.mp4,EAT1,B_02_002
P7,62778761952392-SORRY.mp4,SORRY,C_01_020
P7,5948912677856568-GOOD.mp4,GOOD,B_01_052
P7,31545854783740124-PLEASE.mp4,PLEASE,B_02_007
P7,9694895312894787-DRINK.mp4,DRINK1,B_02_012
P7,19756865098292908-MORE.mp4,MORE,B_03_032
P7,6593382490905721-UNDERSTAND.mp4,UNDERSTAND,C_01_006
P37,16185522171162914-WHAT FOR.mp4,WHATFOR1,C_02_054
P37,6237575353180616-WHAT FOR.mp4,WHATFOR1,C_02_054
P51,4642599331163948-WHAT FOR.mp4,WHATFOR1,C_02_054
P7,7613696736100914-HELLO.mp4,HELLO,D_02_055
P7,948548155363955-HOW.mp4,HOW1,D_02_082
P37,22306165813631562-HOW.mp4,HOW1,D_02_082
P37,540755360226808-HOW 2.mp4,HOW2,F_02_086
P43,5107284268110532-DONT CARE.mp4,DONTCARE,G_03_082
P37,2833503746558905-WHAT 2.mp4,WHAT1,D_02_094
P37,5156462562582522-WHAT 1.mp4,WHAT2,D_02_084
P37,8699610978899361-YES.mp4,YES,G_03_074
P14,0628291186114378-WHAT 2.mp4,WHAT1,D_02_094
P14,8444961450629924-WHAT 1.mp4,WHAT2,D_02_084
P14,38970444942928073-YES.mp4,YES,G_03_074
P14,4206186890939383-HELP.mp4,HELP,D_01_042
P14,5847293981432022-EAT.mp4,EAT1,B_02_002
P14,6510776791424999-DONT WANT.mp4,DONTWANT,E_02_014
P36,3919396171653571-NO.mp4,NO,C_03_041
P38,27103389535111955-DRINK 2.mp4,DRINK2,K_03_092
P43,42284981094391094-DRINK 2.mp4,DRINK2,K_03_092
P7,4633823141411624-WHAT FOR.mp4,WHATFOR1,C_02_054
P7,5312089456577771-BAD.mp4,BAD,B_02_082
P7,25994229392219026-DONT WANT.mp4,DONTWANT,E_02_014
P36,8398312100057683-MORE.mp4,MORE,B_03_032
P36,6745834273988278-UNDERSTAND.mp4,UNDERSTAND,C_01_006
P41,25802117645943423-HELLO.mp4,HELLO,D_02_055
P2,2575780253377702-NICE.mp4,NICE,G_03_059
P2,021145910536055412-THANK YOU.mp4,THANKYOU,H_02_053
P2,7973429116215278-NO.mp4,NO,C_03_041
P16,972961297591985-DRINK 2.mp4,DRINK2,K_03_092
P16,6967335705063062-HELP.mp4,HELP,D_01_042
P16,8083635818179542-EAT.mp4,EAT1,B_02_002
P16,12639191067238076-WHAT FOR 2.mp4,WHATFOR2,C_02_054
P16,36755244520541575-FINISH.mp4,FINISH,B_03_025
P16,7821457095653572-EAT 2.mp4,EAT2,B_03_082
P16,46389552341659956-SORRY.mp4,SORRY,C_01_020
P16,7988103105967095-GOOD.mp4,GOOD,B_01_052
P16,95072139344285-PLEASE.mp4,PLEASE,B_02_007
P16,2597508467759426-DRINK.mp4,DRINK1,B_02_012
P16,033095312435714064-MORE.mp4,MORE,B_03_032
P16,6810397598953175-UNDERSTAND.mp4,UNDERSTAND,C_01_006
P16,0755679379568106-HELLO.mp4,HELLO,D_02_055
P16,48644253199320775-NICE.mp4,NICE,G_03_059
P16,031705941185190545-THANK YOU.mp4,THANKYOU,H_02_053
P16,2140134632834978-NO.mp4,NO,C_03_041
P44,636454238836496-WHAT FOR 3.mp4,WHATFOR3,C_02_054
P16,03376426509046859-HOW.mp4,HOW1,D_02_082
P8,8370733641565598-HOW.mp4,HOW1,D_02_082
P16,174515932829846-HOW 2.mp4,HOW2,F_02_086
P16,523613885724505-DONT CARE.mp4,DONTCARE,G_03_082
P16,21224944864749995-WHAT 2.mp4,WHAT1,D_02_094
P16,8979365940146831-WHAT 1.mp4,WHAT2,D_02_084
P45,021939327153324584-HOW.mp4,HOW1,D_02_082
P46,9953610281521326-YES.mp4,YES,G_03_074
P46,6276276410808967-WHAT FOR 3.mp4,WHATFOR3,C_02_054
P50,7199140986089654-YES.mp4,YES,G_03_074
P50,45011841193956603-DRINK 2.mp4,DRINK2,K_03_092
P50,43234510854275543-EAT.mp4,EAT1,B_02_002
P50,5613897088333932-DONT WANT.mp4,DONTWANT,E_02_014
P20,07603691172028904-HELP.mp4,HELP,D_01_042
P20,47074728807557564-WHAT FOR 2.mp4,WHATFOR2,C_02_054
P20,8853841145039041-FINISH.mp4,FINISH,B_03_025
P20,7042482718098351-EAT 2.mp4,EAT2,B_03_082
P20,2413023602974027-SORRY.mp4,SORRY,C_01_020
P50,3052073459118385-WHAT FOR 2.mp4,WHATFOR2,C_02_054
P50,18340714145664716-GOOD.mp4,GOOD,B_01_052
P50,6137110171725737-NO.mp4,NO,C_03_041
P50,5262266121670327-DONT CARE.mp4,DONTCARE,G_03_082
P50,639527032932734-HOW 2.mp4,HOW2,F_02_086
P50,5907336185978251-WHAT 2.mp4,WHAT1,D_02_094
P50,6121961685498369-WHAT 1.mp4,WHAT2,D_02_084
P50,9161417844146778-WHAT FOR.mp4,WHATFOR1,C_02_054
P50,5971513744254144-BAD.mp4,BAD,B_02_082
P50,1277751594377292-FINISH.mp4,FINISH,B_03_025
P50,683562173601701-EAT 2.mp4,EAT2,B_03_082
P50,5865603235099206-SORRY.mp4,SORRY,C_01_020
P50,5305284657006966-PLEASE.mp4,PLEASE,B_02_007
P50,3150362992415996-DRINK.mp4,DRINK1,B_02_012
P50,48891811825038345-MORE.mp4,MORE,B_03_032
P50,4268222409175071-UNDERSTAND.mp4,UNDERSTAND,C_01_006
P50,9008261925178431-HELLO.mp4,HELLO,D_02_055
P50,25236629084275086-NICE.mp4,NICE,G_03_059
P50,0912245735671211-THANK YOU.mp4,THANKYOU,H_02_053
P50,6529621094829068-WHAT FOR 3.mp4,WHATFOR3,C_02_054
P14,00930662603221255-WHAT FOR.mp4,WHATFOR1,C_02_054
P14,27067652476321635-BAD.mp4,BAD,B_02_082
P14,2325322109839305-FINISH.mp4,FINISH,B_03_025
P14,3000727886718244-EAT 2.mp4,EAT2,B_03_082
P14,589235585874496-SORRY.mp4,SORRY,C_01_020
P14,9756165063743225-GOOD.mp4,GOOD,B_01_052
P14,5956139983741693-PLEASE.mp4,PLEASE,B_02_007
P14,9140450917748142-DRINK.mp4,DRINK1,B_02_012
P14,1657926220154422-NICE.mp4,NICE,G_03_059
P14,06476990357042611-THANK YOU.mp4,THANKYOU,H_02_053
P14,370678413428154-NO.mp4,NO,C_03_041
P50,3119997663932217-HOW.mp4,HOW1,D_02_082
P50,6012215303497841-EAT.mp4,EAT1,B_02_002
P50,1342374959508097-DONT WANT.mp4,DONTWANT,E_02_014
P23,5309657970849855-NO.mp4,NO,C_03_041
P23,2227533074551129-WHAT FOR 3.mp4,WHATFOR3,C_02_054
P23,4491594387505147-HOW 2.mp4,HOW2,F_02_086
P23,531692335723785-WHAT 2.mp4,WHAT1,D_02_094
P23,6316119461023724-WHAT 1.mp4,WHAT2,D_02_084
P24,9009854854743657-YES.mp4,YES,G_03_074
P27,6528064521146906-THANK YOU.mp4,THANKYOU,H_02_053
P10,8487114823108493-THANK YOU.mp4,THANKYOU,H_02_053
P27,9644130188424822-NO.mp4,NO,C_03_041
P27,9742741009257321-WHAT FOR 3.mp4,WHATFOR3,C_02_054
P4,7616988400005291-HELP.mp4,HELP,D_01_042
P4,1529448369800237-EAT.mp4,EAT1,B_02_002
P4,4159038427452184-DONT WANT.mp4,DONTWANT,E_02_014
P4,04439224802145447-GOOD.mp4,GOOD,B_01_052
P4,9858229995286099-MORE.mp4,MORE,B_03_032
P30,8907945228853642-WHAT 2.mp4,WHAT1,D_02_094
P29,1636390875008531-SORRY.mp4,SORRY,C_01_020
P30,9287154847825414-SORRY.mp4,SORRY,C_01_020
P30,7633870830493861-GOOD.mp4,GOOD,B_01_052
P30,18053723532999788-PLEASE.mp4,PLEASE,B_02_007
P30,9757502559319415-DRINK.mp4,DRINK1,B_02_012
P30,6684303463308252-MORE.mp4,MORE,B_03_032
P30,5190569218964376-UNDERSTAND.mp4,UNDERSTAND,C_01_006
P30,7597723277213178-HELLO.mp4,HELLO,D_02_055
P29,0821957813610188-NICE.mp4,NICE,G_03_059
P27,8190663704033752-HOW.mp4,HOW1,D_02_082
P27,7257805929367986-HOW 2.mp4,HOW2,F_02_086
P27,1552070292325871-DONT CARE.mp4,DONTCARE,G_03_082
P31,2063999389588571-WHAT FOR 3.mp4,WHATFOR3,C_02_054
P31,18362037497753203-WHAT 2.mp4,WHAT1,D_02_094
P31,2868793159710059-WHAT 1.mp4,WHAT2,D_02_084
P31,709429051156695-YES.mp4,YES,G_03_074
P31,0992010599048676-DRINK 2.mp4,DRINK2,K_03_092
P31,6487978531836534-WHAT FOR.mp4,WHATFOR1,C_02_054
P31,026903804811550636-BAD.mp4,BAD,B_02_082
P31,1512241224851143-HELP.mp4,HELP,D_01_042
P31,6460191084812579-EAT.mp4,EAT1,B_02_002
P31,5260366639358705-DONT WANT.mp4,DONTWANT,E_02_014
P31,6771280625229295-WHAT FOR 2.mp4,WHATFOR2,C_02_054
P29,9616432008129339-NO.mp4,NO,C_03_041
P29,9055029703471094-WHAT FOR 3.mp4,WHATFOR3,C_02_054
P31,7982091793389081-NICE.mp4,NICE,G_03_059
P31,8268472142479768-HOW.mp4,HOW1,D_02_082
P31,9421879642468542-HOW 2.mp4,HOW2,F_02_086
P30,9358863675192239-NICE.mp4,NICE,G_03_059
P31,6369072050593674-DONT CARE.mp4,DONTCARE,G_03_082
P27,1532464203763655-WHAT 2.mp4,WHAT1,D_02_094
P27,9648437167288393-WHAT 1.mp4,WHAT2,D_02_084
P30,5574926687456125-HELP.mp4,HELP,D_01_042
P30,5739215722518052-EAT.mp4,EAT1,B_02_002
P30,003010373720196746-DONT WANT.mp4,DONTWANT,E_02_014
P30,8335245926707164-WHAT FOR 2.mp4,WHATFOR2,C_02_054
P29,8805369151879896-FINISH.mp4,FINISH,B_03_025
P29,6816148658875862-EAT 2.mp4,EAT2,B_03_082
P29,9521412407799632-GOOD.mp4,GOOD,B_01_052
P31,06629654284959208-FINISH.mp4,FINISH,B_03_025
P31,5290075047843825-EAT 2.mp4,EAT2,B_03_082
P31,5088051624336825-GOOD.mp4,GOOD,B_01_052
P31,9117047483562963-PLEASE.mp4,PLEASE,B_02_007
P31,03800598663017607-DRINK.mp4,DRINK1,B_02_012
P31,7213248453404937-MORE.mp4,MORE,B_03_032
P31,0497069696398067-UNDERSTAND.mp4,UNDERSTAND,C_01_006
P31,11225598264242453-HELLO.mp4,HELLO,D_02_055
P29,8801721942460268-PLEASE.mp4,PLEASE,B_02_007
P29,9957580073891368-DRINK.mp4,DRINK1,B_02_012
P31,01379619951634381-NO.mp4,NO,C_03_041
P29,8116309886717166-MORE.mp4,MORE,B_03_032
P29,6424637597161564-UNDERSTAND.mp4,UNDERSTAND,C_01_006
P29,1340650432799635-HELLO.mp4,HELLO,D_02_055
P31,675487631009581-SORRY.mp4,SORRY,C_01_020
P31,274897834577152-THANK YOU.mp4,THANKYOU,H_02_053
P31,7660793673216184-WHAT FOR 3.mp4,WHATFOR3,C_02_054
P25,35601287621527544-WHAT FOR 3.mp4,WHATFOR3,C_02_054
P29,4657020083869885-HOW.mp4,HOW1,D_02_082
P33,28998166354437016-DONT CARE.mp4,DONTCARE,G_03_082
P33,600407709572452-WHAT 2.mp4,WHAT1,D_02_094
P33,028829908292230533-WHAT 1.mp4,WHAT2,D_02_084
P33,050364485120873326-YES.mp4,YES,G_03_074
P33,18972692322051077-DRINK 2.mp4,DRINK2,K_03_092
P33,5018615351143276-WHAT FOR.mp4,WHATFOR1,C_02_054
P33,6558607659620332-BAD.mp4,BAD,B_02_082
P33,15046472702938374-HELP.mp4,HELP,D_01_042
P33,31477726769914227-EAT.mp4,EAT1,B_02_002
P33,4203535472187201-DONT WANT.mp4,DONTWANT,E_02_014
P33,40356908618147314-WHAT FOR 2.mp4,WHATFOR2,C_02_054
P33,9929708042498271-NICE.mp4,NICE,G_03_059
P29,31724875643038497-HOW 2.mp4,HOW2,F_02_086
P29,9743820296444752-DONT CARE.mp4,DONTCARE,G_03_082
P33,6445699135022072-HOW.mp4,HOW1,D_02_082
P33,31530402742819374-FINISH.mp4,FINISH,B_03_025
P33,10224745501869581-EAT 2.mp4,EAT2,B_03_082
P33,7662883760067802-SORRY.mp4,SORRY,C_01_020
P33,27179636245697747-GOOD.mp4,GOOD,B_01_052
P33,44272136216354463-PLEASE.mp4,PLEASE,B_02_007
P33,21577690984159714-DRINK.mp4,DRINK1,B_02_012
P33,7455948118093856-MORE.mp4,MORE,B_03_032
P33,8604241021179426-UNDERSTAND.mp4,UNDERSTAND,C_01_006
P33,8841964348021558-HELLO.mp4,HELLO,D_02_055
P33,39425766670939555-THANK YOU.mp4,THANKYOU,H_02_053
P33,7932042062420475-NO.mp4,NO,C_03_041
P33,8087638171536562-WHAT FOR 3.mp4,WHATFOR3,C_02_054
P29,23051551564122996-WHAT 2.mp4,WHAT1,D_02_094
P29,873585487906021-WHAT 1.mp4,WHAT2,D_02_084
P29,15689453699180178-YES.mp4,YES,G_03_074
P29,20468755034347463-DRINK 2.mp4,DRINK2,K_03_092
P33,6496045691880019-HOW 2.mp4,HOW2,F_02_086
P29,3557945550706938-HELP.mp4,HELP,D_01_042
P29,7468673870660452-EAT.mp4,EAT1,B_02_002
P29,042406991648258785-DONT WANT.mp4,DONTWANT,E_02_014
P29,7767564154802857-WHAT FOR 2.mp4,WHATFOR2,C_02_054
P11,2861187051971712-HOW.mp4,HOW1,D_02_082
P11,47423539337801723-DONT CARE.mp4,DONTCARE,G_03_082
P11,8017117058905951-WHAT 2.mp4,WHAT1,D_02_094
P11,9731388047096738-WHAT 1.mp4,WHAT2,D_02_084
P29,690133837226921-WHAT FOR.mp4,WHATFOR1,C_02_054
P29,2507302256262631-BAD.mp4,BAD,B_02_082
P29,5932207271660643-THANK YOU.mp4,THANKYOU,H_02_053
P29,21283972047425892-HOW.mp4,HOW1,D_02_082
P51,1334132333742275-HOW.mp4,HOW1,D_02_082
P51,8879554647523122-DONT CARE.mp4,DONTCARE,G_03_082
P29,9092689562509508-YES.mp4,YES,G_03_074
P29,6370983911545496-DRINK 2.mp4,DRINK2,K_03_092
P29,9483688560737478-HELP.mp4,HELP,D_01_042
P29,8267242257825924-EAT.mp4,EAT1,B_02_002
P29,5077334069534634-DONT WANT.mp4,DONTWANT,E_02_014
P11,8972227161038662-WHAT FOR 2.mp4,WHATFOR2,C_02_054
P11,0053290989889420715-FINISH.mp4,FINISH,B_03_025
P11,9933444469916732-EAT 2.mp4,EAT2,B_03_082
P11,6284344362350516-SORRY.mp4,SORRY,C_01_020
P11,9875735466160431-GOOD.mp4,GOOD,B_01_052
P11,43778843855311433-PLEASE.mp4,PLEASE,B_02_007
P11,980212048263337-DRINK.mp4,DRINK1,B_02_012
P11,05959007956304285-MORE.mp4,MORE,B_03_032
P11,2621288608804102-UNDERSTAND.mp4,UNDERSTAND,C_01_006
P11,6448349493816601-HELLO.mp4,HELLO,D_02_055
P11,16750959153005218-NICE.mp4,NICE,G_03_059
P11,6901051427765104-NO.mp4,NO,C_03_041
P11,9483257273905645-WHAT FOR 3.mp4,WHATFOR3,C_02_054
P11,48582056242680793-HOW 2.mp4,HOW2,F_02_086
P11,15498675309554577-YES.mp4,YES,G_03_074
P11,27973404455034934-DRINK 2.mp4,DRINK2,K_03_092
P11,9697621013006055-WHAT FOR.mp4,WHATFOR1,C_02_054
P11,26378912740269156-BAD.mp4,BAD,B_02_082
P11,8646796456836814-HELP.mp4,HELP,D_01_042
P11,7327271470470507-EAT.mp4,EAT1,B_02_002
P11,9189050687656108-DONT WANT.mp4,DONTWANT,E_02_014
P11,034197610787212396-THANK YOU.mp4,THANKYOU,H_02_053
P11,1631249061677975-WHAT FOR 2.mp4,WHATFOR2,C_02_054
P11,5384324732130294-WHAT 2.mp4,WHAT1,D_02_094
P11,3288526883034957-WHAT 1.mp4,WHAT2,D_02_084
P51,7204189741125551-FINISH.mp4,FINISH,B_03_025
P51,37437679515669386-EAT 2.mp4,EAT2,B_03_082
P51,09933901999031058-SORRY.mp4,SORRY,C_01_020
P51,5586839450092025-GOOD.mp4,GOOD,B_01_052
P51,8462169466967213-NICE.mp4,NICE,G_03_059
P51,9979731168048327-NO.mp4,NO,C_03_041
P51,2815065509240542-HOW 2.mp4,HOW2,F_02_086
P27,6275909006677276-DRINK 2.mp4,DRINK2,K_03_092
P27,82063651021682-WHAT FOR.mp4,WHATFOR1,C_02_054
P27,06213765949527894-BAD.mp4,BAD,B_02_082
P28,009935710795037966-DONT CARE.mp4,DONTCARE,G_03_082
P28,5545319318865305-DRINK 2.mp4,DRINK2,K_03_092
P28,7237982608932096-WHAT FOR.mp4,WHATFOR1,C_02_054
P28,008134541577476506-BAD.mp4,BAD,B_02_082
P51,6400788027798874-PLEASE.mp4,PLEASE,B_02_007
P51,6196253651803971-DRINK.mp4,DRINK1,B_02_012
P51,7267227999834953-MORE.mp4,MORE,B_03_032
P51,31049412762325446-UNDERSTAND.mp4,UNDERSTAND,C_01_006
P51,081380748015633-HELLO.mp4,HELLO,D_02_055
P51,6912280773625425-THANK YOU.mp4,THANKYOU,H_02_053
P30,44957906361977806-FINISH.mp4,FINISH,B_03_025
P30,07556064610191737-EAT 2.mp4,EAT2,B_03_082
P27,29761682879368934-SORRY.mp4,SORRY,C_01_020
P27,8259197203871462-GOOD.mp4,GOOD,B_01_052
P27,30148795754394175-EAT.mp4,EAT1,B_02_002
P27,43865866781850427-DONT WANT.mp4,DONTWANT,E_02_014
P27,48611191977645873-WHAT FOR 2.mp4,WHATFOR2,C_02_054
P27,9960146118001314-PLEASE.mp4,PLEASE,B_02_007
P27,5600935739224888-DRINK.mp4,DRINK1,B_02_012
P27,013724247293201763-MORE.mp4,MORE,B_03_032
P27,32941176670637984-YES.mp4,YES,G_03_074
P27,9116126321060016-FINISH.mp4,FINISH,B_03_025
P27,7562678306866626-EAT 2.mp4,EAT2,B_03_082
P27,030959011181703078-UNDERSTAND.mp4,UNDERSTAND,C_01_006
P27,5254351100197965-HELLO.mp4,HELLO,D_02_055
P27,7042507210235693-NICE.mp4,NICE,G_03_059
P30,6812813050541653-WHAT FOR.mp4,WHATFOR1,C_02_054
P30,41399470555461226-BAD.mp4,BAD,B_02_082
P52,06420577246436587-seedWHAT FOR.mp4,WHATFOR1,C_02_054
P52,7715727494452564-seedBAD.mp4,BAD,B_02_082
P52,09953879192572268-seedHELP.mp4,HELP,D_01_042
P52,36220708618174635-seedEAT.mp4,EAT1,B_02_002
P52,9158816135536156-seedDONT WANT.mp4,DONTWANT,E_02_014
P52,8804435702553672-seedWHAT FOR.mp4,WHATFOR2,C_02_054
P52,7530930644508076-seedFINISH.mp4,FINISH,B_03_025
P52,7090308723893539-seedEAT.mp4,EAT2,B_03_082
P52,9992716034642337-seedSORRY.mp4,SORRY,C_01_020
P52,06635586886652112-seedGOOD.mp4,GOOD,B_01_052
P52,47017724784893633-seedPLEASE.mp4,PLEASE,B_02_007
P52,7985319657788752-seedDRINK.mp4,DRINK1,B_02_012
P52,7570971556194199-seedMORE.mp4,MORE,B_03_032
P52,9807956157005397-seedUNDERSTAND.mp4,UNDERSTAND,C_01_006
P52,180739946524912-seedHELLO.mp4,HELLO,D_02_055
P52,49809048156268143-seedNICE.mp4,NICE,G_03_059
P52,3790733585897841-seedTHANK YOU.mp4,THANKYOU,H_02_053
P52,2688720555507844-seedNO.mp4,NO,C_03_041
P52,22473139474501802-seedWHAT FOR.mp4,WHATFOR3,C_02_054
P52,8835516863640922-seedHOW.mp4,HOW1,D_02_082
P52,16924808086665677-seedHOW 2.mp4,HOW2,F_02_086
P52,5011746449733054-seedDONT CARE.mp4,DONTCARE,G_03_082
P52,43147199471175535-seedWHAT 2.mp4,WHAT1,D_02_094
P52,31977909341879607-seedWHAT 1.mp4,WHAT2,D_02_084
P52,6358167662084229-seedYES.mp4,YES,G_03_074
P52,40985347259199356-seedDRINK 2.mp4,DRINK2,K_03_092
P5,6523145816470133-WHAT FOR.mp4,WHATFOR1,C_02_054
P5,25163871214803346-BAD.mp4,BAD,B_02_082
P5,8534077485600235-HELP.mp4,HELP,D_01_042
P5,744008724339543-EAT.mp4,EAT1,B_02_002
P5,4900310367188452-DONT WANT.mp4,DONTWANT,E_02_014
P12,06408604416165864-WHAT FOR.mp4,WHATFOR1,C_02_054
P12,7791424980867376-GOOD.mp4,GOOD,B_01_052
P12,4096147054343935-PLEASE.mp4,PLEASE,B_02_007
P12,7071450710791192-DRINK.mp4,DRINK1,B_02_012
P12,8341336597329694-MORE.mp4,MORE,B_03_032
P12,9717361996927067-UNDERSTAND.mp4,UNDERSTAND,C_01_006
P12,05614933522741539-HELLO.mp4,HELLO,D_02_055
P21,8618976665727696-GOOD.mp4,GOOD,B_01_052
P21,8323715285073319-NO.mp4,NO,C_03_041
P39,4843579408025589-GOOD.mp4,GOOD,B_01_052
P21,3591241270208314-DONT CARE.mp4,DONTCARE,G_03_082
P21,11792300756428031-WHAT 1.mp4,WHAT2,D_02_084
P21,9161842981344352-YES.mp4,YES,G_03_074
P21,7875424216858471-DRINK 2.mp4,DRINK2,K_03_092
P21,6142521746642153-WHAT FOR.mp4,WHATFOR1,C_02_054
P21,019466731254031755-BAD.mp4,BAD,B_02_082
P21,0392835216734122-EAT.mp4,EAT1,B_02_002
P21,3563910624061051-DONT WANT.mp4,DONTWANT,E_02_014
P21,3860077714893173-FINISH.mp4,FINISH,B_03_025
P21,14082179940882456-EAT 2.mp4,EAT2,B_03_082
P21,15179467641851585-SORRY.mp4,SORRY,C_01_020
P21,42961246858695024-PLEASE.mp4,PLEASE,B_02_007
P21,8038145060553852-DRINK.mp4,DRINK1,B_02_012
P21,009299695590603507-MORE.mp4,MORE,B_03_032
P21,7837116050277355-NICE.mp4,NICE,G_03_059
P21,0006320057552187119-THANK YOU.mp4,THANKYOU,H_02_053
P21,935437326825874-WHAT FOR 3.mp4,WHATFOR3,C_02_054
P21,6037747479203328-HELP.mp4,HELP,D_01_042
P21,8071758688201891-UNDERSTAND.mp4,UNDERSTAND,C_01_006
P21,20675411351630046-HELLO.mp4,HELLO,D_02_055
P21,10542513580735968-HOW.mp4,HOW1,D_02_082
P21,2274519559281516-HOW 2.mp4,HOW2,F_02_086
P21,9106828060005678-WHAT 2.mp4,WHAT1,D_02_094
P21,4825424678790904-WHAT FOR 2.mp4,WHATFOR2,C_02_054
P21,9715589334909431-YES.mp4,YES,G_03_074
P21,36996117552353014-DRINK 2.mp4,DRINK2,K_03_092
P39,42327270691916885-YES.mp4,YES,G_03_074
P39,5470582351678035-DRINK 2.mp4,DRINK2,K_03_092
P39,009883456113471967-EAT.mp4,EAT1,B_02_002
P39,23490363598079123-DONT WANT.mp4,DONTWANT,E_02_014
P39,9000660794636397-MORE.mp4,MORE,B_03_032
P39,7903893233633115-UNDERSTAND.mp4,UNDERSTAND,C_01_006
P39,16493550450776628-HELLO.mp4,HELLO,D_02_055
P39,4656606080155459-NO.mp4,NO,C_03_041
P39,3863385910255581-WHAT FOR 3.mp4,WHATFOR3,C_02_054
P39,46293611953569624-DONT CARE.mp4,DONTCARE,G_03_082
P39,37186838838285174-WHAT 1.mp4,WHAT2,D_02_084
P39,0283886564670357-WHAT FOR.mp4,WHATFOR1,C_02_054
P39,06939945586940688-BAD.mp4,BAD,B_02_082
P39,44817736125778374-HELP.mp4,HELP,D_01_042
P39,24803980252556834-FINISH.mp4,FINISH,B_03_025
P39,4396630789618088-EAT 2.mp4,EAT2,B_03_082
P39,6387762756061144-SORRY.mp4,SORRY,C_01_020
P39,6330094542104612-PLEASE.mp4,PLEASE,B_02_007
P39,7313509467149351-DRINK.mp4,DRINK1,B_02_012
P39,9367720401200101-NICE.mp4,NICE,G_03_059
P39,16870669316247833-THANK YOU.mp4,THANKYOU,H_02_053
P39,6271713081961889-HOW.mp4,HOW1,D_02_082
P39,026060585634413602-HOW 2.mp4,HOW2,F_02_086
P39,873539016146136-WHAT 2.mp4,WHAT1,D_02_094
P39,28901754786187084-WHAT FOR 2.mp4,WHATFOR2,C_02_054
P39,17307554142688852-DONT CARE.mp4,DONTCARE,G_03_082
P39,26056519285644875-YES.mp4,YES,G_03_074
P39,6484470716683486-DRINK 2.mp4,DRINK2,K_03_092
P26,7976564165646398-THANK YOU.mp4,THANKYOU,H_02_053
P26,971003020665846-HOW.mp4,HOW1,D_02_082
P26,48721608073646605-HOW 2.mp4,HOW2,F_02_086
P26,370239630656223-DONT CARE.mp4,DONTCARE,G_03_082
P26,8804372922780734-FINISH.mp4,FINISH,B_03_025
P26,5938554372186748-EAT 2.mp4,EAT2,B_03_082
P26,9220637121525757-SORRY.mp4,SORRY,C_01_020
P26,25290749191933815-GOOD.mp4,GOOD,B_01_052
P26,01000957264570923-NICE.mp4,NICE,G_03_059
P26,8079226457278508-NO.mp4,NO,C_03_041
P26,032677896012150764-WHAT FOR.mp4,WHATFOR1,C_02_054
P26,7628262965013866-BAD.mp4,BAD,B_02_082
P26,17097644959110592-WHAT FOR 2.mp4,WHATFOR2,C_02_054
P26,05859480723249688-PLEASE.mp4,PLEASE,B_02_007
P26,37918472044314444-DRINK.mp4,DRINK1,B_02_012
P26,17984011488050022-MORE.mp4,MORE,B_03_032
P26,6504234134902995-UNDERSTAND.mp4,UNDERSTAND,C_01_006
P26,020030442376253177-HELLO.mp4,HELLO,D_02_055
P26,24519151833954478-WHAT 2.mp4,WHAT1,D_02_094
P26,05608472883163529-WHAT 1.mp4,WHAT2,D_02_084
P26,8977694836593926-YES.mp4,YES,G_03_074
P26,12640693977123374-WHAT FOR 3.mp4,WHATFOR3,C_02_054
P26,4382571867616978-HELP.mp4,HELP,D_01_042
P26,7331110745964862-DRINK 2.mp4,DRINK2,K_03_092
P26,8779902440064791-EAT.mp4,EAT1,B_02_002
P26,6315075626923341-DONT WANT.mp4,DONTWANT,E_02_014
P26,986022284412545-WHAT 1.mp4,WHAT2,D_02_084
P26,8218136220855874-HELP.mp4,HELP,D_01_042
